<?xml version="1.0" encoding="UTF-8"?>
<!--
To change this license header, choose License Headers in Project Properties.
To change this template file, choose Tools | Templates
and open the template in the editor.
-->
<faces-config version="2.0"
    xmlns="http://java.sun.com/xml/ns/javaee"
    xmlns:xsi="http://www.w3.org/2001/XMLSchema-instance"
    xsi:schemaLocation="http://java.sun.com/xml/ns/javaee http://java.sun.com/xml/ns/javaee/web-facesconfig_2_0.xsd">
    <navigation-rule>
        <from-view-id>/login.xhtml</from-view-id>
        <navigation-case>
            <from-outcome>home</from-outcome>
            <to-view-id>/home.xhtml</to-view-id>
        </navigation-case>
    </navigation-rule>
</faces-config>